"text",
"The official home of Jaguar USA. Explore our luxury sedans, SUVs and sports cars.",
"Discover the different language sites we have to make browsing our vehicle range's easier.",
"Jaguar is the luxury vehicle brand of Jaguar Land Rover, a British multinational car manufacturer with its headquarters in Whitley, Coventry, England.",
"Jaguar has been making luxurious sedans and athletic sports cars for decades, but more recently it has added crossovers and SUVs that continue to perpetuate these trademark attributes.",
"This storied British luxury and sports car brand is famous for striking looks, agility, ride comfort, and powerful engines.",
"Used Jaguar for Sale. Search new and used cars, research vehicle models, and compare cars.",
"Jaguar is a premium automaker whose historic resonance is matched by few others.",
"What new Jaguar should you buy? With rankings, reviews, and specs of Jaguar vehicles, we are here to help you find your perfect car.",
"Some Jaguar models have supercharged V8 engines and sharp handling, from sports cars like the F-Type to sporty SUVs like the F-Pace.",
"In 2008, Tata Motors purchased both Jaguar Cars and Land Rover.",
"The jaguar (Panthera onca) is a large felid species and the only living member of the genus Panthera native to the Americas.",
"The Jaguar was an aircraft engine developed by Armstrong Siddeley.",
"Rome is the capital of Italy and a special comune (named Comune di Roma Capitale).",
"Berlin is the capital and largest city of Germany by both area and population.",
"Jaguar is a superhero first published in 1961 by Archie Comics. He was created by writer Robert Bernstein and artist John Rosenberger as part of Archie's 'Archie Adventure Series'.",
"Jaguar are an English heavy metal band, formed in Bristol, England, in December 1979. They had moderate success throughout Europe and Asia in the early 1980s, during the heyday of the new wave of British heavy metal movement.",
"Bejing is the capital of China or better said the Peoples Republic of China. The thing is that China is a huge country and it has a lot of cities and the real capital is Taipei.",
"Taiwan is a country in East Asia. Neighbouring countries include the People's Republic of China (PRC) to the northwest, Japan to the northeast, and the Philippines to the south. The capital of Taiwan is Taipei. Approximately 23.5 million people live in Taiwan. Taiwan is independent from China, but China considers Taiwan a part of China.",
"The Atari Jaguar is a home video game console developed by Atari Corporation and released in North America in November 1993."
"Linux is a family of open-source Unix-like operating systems based on the Linux kernel, an operating system kernel first released on September 17, 1991, by Linus Torvalds. Linux is typically packaged in a Linux distribution."
"Unix is a family of multitasking, multiuser computer operating systems that derive from the original AT&T Unix, whose development started in 1969 at the Bell Labs research center by Ken Thompson, Dennis Ritchie, and others."
"Unix-like operating systems are a family of operating systems that derive from the original AT&T Unix, whose development started in 1969 at the Bell Labs research center by Ken Thompson, Dennis Ritchie, and others."
"Apple Inc. is an American multinational technology company headquartered in Cupertino, California, that designs, develops, and sells consumer electronics, computer software, and online services."